Date,Company,Sector,Open,Close,High,Low,Volume
2024-01-01,Apple,Technology,299.99,311.63,313.63,296.84,100776238
2024-01-01,Amazon,E-commerce,407.49,395.85,408.69,388.19,38859939
2024-01-01,Google,Technology,280.19,280.57,297.65,260.91,42983269
2024-01-01,Tesla,Automotive,214.65,211.52,227.52,203.04,37326495
2024-01-01,Microsoft,Technology,169.64,172.77,174.82,163.42,40738619
2024-01-01,Walmart,Retail,198.13,191.32,200.95,187.93,93008406
2024-01-01,Netflix,Entertainment,426.24,433.61,436.43,420.22,61336853
2024-01-01,Meta,Social Media,322.41,324.92,325.22,318.0,130174821
2024-01-02,Apple,Technology,323.72,326.32,328.1,322.41,105747638
2024-01-02,Amazon,E-commerce,148.9,138.4,166.8,135.58,8742581
2024-01-02,Google,Technology,192.55,204.69,210.75,181.91,65339534
2024-01-02,Tesla,Automotive,143.8,147.97,148.96,137.56,68032854
2024-01-02,Microsoft,Technology,320.59,315.4,336.42,303.19,99377278
2024-01-02,Walmart,Retail,179.06,175.92,181.16,175.05,121884082
2024-01-02,Netflix,Entertainment,280.65,267.58,292.52,265.11,58106703
2024-01-02,Meta,Social Media,145.37,144.94,161.07,136.13,117582079
2024-01-03,Apple,Technology,109.1,107.8,111.77,106.89,105302476
2024-01-03,Amazon,E-commerce,413.5,429.51,431.71,411.65,136011300
2024-01-03,Google,Technology,126.69,129.12,130.72,125.23,94816136
2024-01-03,Tesla,Automotive,221.95,225.44,238.33,212.3,38777839
2024-01-03,Microsoft,Technology,254.75,237.91,270.61,235.47,29921139
2024-01-03,Walmart,Retail,397.18,415.57,416.98,382.55,114624597
2024-01-03,Netflix,Entertainment,333.88,334.14,344.24,319.14,68711386
2024-01-03,Meta,Social Media,133.26,140.2,142.98,128.28,31442292
2024-01-04,Apple,Technology,290.43,283.08,307.52,275.18,77780236
2024-01-04,Amazon,E-commerce,384.31,386.12,396.34,376.02,75571165
2024-01-04,Google,Technology,417.29,428.73,432.42,405.3,20311590
2024-01-04,Tesla,Automotive,402.32,403.37,422.21,385.72,108467332
2024-01-04,Microsoft,Technology,123.96,126.5,131.1,114.42,21369236
2024-01-04,Walmart,Retail,472.93,468.57,475.52,465.37,28919089
2024-01-04,Netflix,Entertainment,166.33,151.08,178.42,150.99,117785032
2024-01-04,Meta,Social Media,327.26,314.65,336.6,308.82,54595321
2024-01-05,Apple,Technology,418.39,423.45,436.61,406.48,9898528
2024-01-05,Amazon,E-commerce,339.69,346.15,355.45,328.41,34541603
2024-01-05,Google,Technology,320.96,329.27,329.72,310.41,14811890
2024-01-05,Tesla,Automotive,390.92,391.57,403.02,373.13,70153977
2024-01-05,Microsoft,Technology,394.57,399.91,414.04,387.73,6690181
2024-01-05,Walmart,Retail,422.06,424.16,424.59,419.77,94427901
2024-01-05,Netflix,Entertainment,427.43,439.28,441.09,408.17,126119454
2024-01-05,Meta,Social Media,436.29,448.39,449.9,425.41,64515149
2024-01-06,Apple,Technology,125.14,116.94,134.11,108.92,52408762
2024-01-06,Amazon,E-commerce,411.53,402.94,429.32,401.84,64447352
2024-01-06,Google,Technology,134.08,133.8,152.94,128.86,91737738
2024-01-06,Tesla,Automotive,226.34,240.35,241.24,224.28,140421513
2024-01-06,Microsoft,Technology,412.0,410.24,426.44,404.84,76384970
2024-01-06,Walmart,Retail,467.34,473.95,481.65,450.63,76242540
2024-01-06,Netflix,Entertainment,402.62,405.81,414.31,401.95,90045218
2024-01-06,Meta,Social Media,440.66,448.41,451.11,437.06,117099424
2024-01-07,Apple,Technology,268.02,281.18,286.2,267.4,127673077
2024-01-07,Amazon,E-commerce,251.43,244.45,255.42,234.88,98854246
2024-01-07,Google,Technology,398.6,408.89,415.06,386.56,113283710
2024-01-07,Tesla,Automotive,118.74,119.05,130.05,111.85,36731641
2024-01-07,Microsoft,Technology,484.44,480.26,491.0,479.25,73292893
2024-01-07,Walmart,Retail,313.57,313.35,322.0,312.95,137863667
2024-01-07,Netflix,Entertainment,286.88,275.38,288.29,271.98,84275943
2024-01-07,Meta,Social Media,348.76,339.42,357.18,329.64,138520405
2024-01-08,Apple,Technology,152.16,148.92,164.89,145.58,26296745
2024-01-08,Amazon,E-commerce,440.19,442.7,450.19,435.45,46755723
2024-01-08,Google,Technology,294.7,309.15,311.66,294.3,95599071
2024-01-08,Tesla,Automotive,322.1,312.23,327.59,311.72,90217545
2024-01-08,Microsoft,Technology,373.69,377.92,390.48,364.39,95459806
2024-01-08,Walmart,Retail,490.69,489.01,497.23,472.91,43279391
2024-01-08,Netflix,Entertainment,241.26,243.9,251.18,221.78,68401575
2024-01-08,Meta,Social Media,135.03,136.49,151.72,129.64,84994246
2024-01-09,Apple,Technology,482.25,472.59,482.34,471.27,1335486
2024-01-09,Amazon,E-commerce,257.36,259.95,264.18,250.57,102071528
2024-01-09,Google,Technology,248.32,245.91,255.85,244.57,2149111
2024-01-09,Tesla,Automotive,246.42,251.84,253.41,233.76,40213085
2024-01-09,Microsoft,Technology,215.88,223.18,230.02,214.62,30875352
2024-01-09,Walmart,Retail,286.28,293.83,303.93,267.66,127017117
2024-01-09,Netflix,Entertainment,457.63,461.76,462.12,450.86,56305530
2024-01-09,Meta,Social Media,399.93,414.04,415.27,399.01,84654320
2024-01-10,Apple,Technology,448.64,432.49,460.32,429.6,55543927
2024-01-10,Amazon,E-commerce,108.05,100.84,116.72,99.44,121169313
2024-01-10,Google,Technology,297.71,296.68,305.9,291.57,108976112
2024-01-10,Tesla,Automotive,237.09,245.27,247.92,230.34,146097036
2024-01-10,Microsoft,Technology,287.15,284.59,297.9,273.2,17284288
2024-01-10,Walmart,Retail,326.95,327.46,328.26,325.96,55449305
2024-01-10,Netflix,Entertainment,242.54,244.21,250.76,234.39,19597678
2024-01-10,Meta,Social Media,466.34,468.88,482.35,455.38,25933779
2024-01-11,Apple,Technology,336.02,333.71,349.71,324.39,77026796
2024-01-11,Amazon,E-commerce,410.0,400.4,413.35,400.31,117955997
2024-01-11,Google,Technology,431.77,447.28,450.15,411.99,27460607
2024-01-11,Tesla,Automotive,346.42,335.84,346.49,333.86,62113211
2024-01-11,Microsoft,Technology,295.03,291.69,314.49,280.51,99475245
2024-01-11,Walmart,Retail,237.83,226.05,250.67,221.43,64256620
2024-01-11,Netflix,Entertainment,215.61,219.38,231.78,211.78,110755302
2024-01-11,Meta,Social Media,137.87,148.4,155.87,122.35,50621641
2024-01-12,Apple,Technology,324.53,320.15,326.93,318.6,39734416
2024-01-12,Amazon,E-commerce,125.77,114.1,132.71,108.27,50175451
2024-01-12,Google,Technology,354.39,347.98,355.1,342.45,143711810
2024-01-12,Tesla,Automotive,471.4,458.12,484.14,453.68,85495217
2024-01-12,Microsoft,Technology,380.22,385.27,393.14,364.06,31061333
2024-01-12,Walmart,Retail,298.1,304.13,307.27,293.7,128431637
2024-01-12,Netflix,Entertainment,149.08,153.64,162.23,131.63,133519336
2024-01-12,Meta,Social Media,103.58,108.61,113.79,91.18,74617448
2024-01-13,Apple,Technology,242.84,230.96,252.05,225.27,3074425
2024-01-13,Amazon,E-commerce,449.02,456.06,466.94,440.94,79451453
2024-01-13,Google,Technology,389.04,380.45,404.78,378.12,61556797
2024-01-13,Tesla,Automotive,420.09,430.09,435.24,416.13,114014949
2024-01-13,Microsoft,Technology,365.47,368.06,383.27,357.96,113747193
2024-01-13,Walmart,Retail,439.24,437.64,442.63,419.69,75566348
2024-01-13,Netflix,Entertainment,275.3,291.76,292.23,269.15,81168409
2024-01-13,Meta,Social Media,185.65,196.51,198.28,183.93,26071736
2024-01-14,Apple,Technology,137.95,129.94,145.24,124.42,88059961
2024-01-14,Amazon,E-commerce,206.55,209.81,214.73,186.64,78652038
2024-01-14,Google,Technology,362.25,368.4,378.27,353.98,99562175
2024-01-14,Tesla,Automotive,170.69,182.28,188.67,152.86,125553783
2024-01-14,Microsoft,Technology,330.2,345.38,348.27,328.87,148979832
2024-01-14,Walmart,Retail,204.33,198.65,206.22,186.01,140219998
2024-01-14,Netflix,Entertainment,464.56,475.28,476.33,463.88,106712920
2024-01-14,Meta,Social Media,285.16,283.21,294.7,281.03,104770541
2024-01-15,Apple,Technology,122.77,125.89,132.63,112.76,102409188
2024-01-15,Amazon,E-commerce,438.55,433.54,456.26,432.03,14078293
2024-01-15,Google,Technology,302.16,306.56,307.25,301.5,85845723
2024-01-15,Tesla,Automotive,292.01,288.29,307.28,275.65,98132024
2024-01-15,Microsoft,Technology,140.95,141.75,154.83,130.94,110962270
2024-01-15,Walmart,Retail,470.12,467.53,471.0,452.49,30403988
2024-01-15,Netflix,Entertainment,426.72,423.52,429.99,421.98,3551959
2024-01-15,Meta,Social Media,320.88,326.35,326.74,319.41,1636115
2024-01-16,Apple,Technology,282.31,287.84,299.11,273.32,104079766
2024-01-16,Amazon,E-commerce,385.9,388.37,401.22,371.45,45881618
2024-01-16,Google,Technology,196.82,212.06,216.2,195.25,9498515
2024-01-16,Tesla,Automotive,468.01,465.09,480.05,454.55,51972559
2024-01-16,Microsoft,Technology,299.42,287.62,306.66,284.88,68237499
2024-01-16,Walmart,Retail,378.66,385.74,392.48,371.47,101301712
2024-01-16,Netflix,Entertainment,166.97,172.72,174.61,166.34,32052622
2024-01-16,Meta,Social Media,371.4,383.09,391.4,355.06,74389724
2024-01-17,Apple,Technology,121.58,122.57,126.02,110.76,22585873
2024-01-17,Amazon,E-commerce,142.62,140.8,156.2,131.62,125623338
2024-01-17,Google,Technology,468.95,471.27,487.06,449.01,136767641
2024-01-17,Tesla,Automotive,252.29,256.32,261.21,233.64,118912181
2024-01-17,Microsoft,Technology,457.46,465.32,475.57,451.47,62816248
2024-01-17,Walmart,Retail,213.11,209.76,232.87,198.15,33288024
2024-01-17,Netflix,Entertainment,246.8,235.95,257.55,230.52,56542479
2024-01-17,Meta,Social Media,465.25,483.04,485.11,448.05,59935551
2024-01-18,Apple,Technology,176.91,184.83,191.98,174.07,107759475
2024-01-18,Amazon,E-commerce,354.23,351.36,357.31,349.39,52057985
2024-01-18,Google,Technology,406.83,423.94,424.01,394.45,5509408
2024-01-18,Tesla,Automotive,334.48,329.69,338.99,316.69,58693525
2024-01-18,Microsoft,Technology,308.37,323.53,323.75,304.37,114484553
2024-01-18,Walmart,Retail,456.0,470.91,471.98,440.0,40791578
2024-01-18,Netflix,Entertainment,432.82,430.07,448.51,423.05,32391022
2024-01-18,Meta,Social Media,269.8,269.47,275.27,261.16,58903172
2024-01-19,Apple,Technology,325.06,322.86,344.93,321.24,33654446
2024-01-19,Amazon,E-commerce,303.18,297.3,314.36,297.0,113933290
2024-01-19,Google,Technology,225.89,219.95,240.09,211.42,90685841
2024-01-19,Tesla,Automotive,438.43,431.61,449.97,423.41,113483586
2024-01-19,Microsoft,Technology,414.6,415.07,427.83,399.95,73486491
2024-01-19,Walmart,Retail,132.0,151.72,151.87,129.14,147898616
2024-01-19,Netflix,Entertainment,114.57,116.74,119.08,111.83,95694351
2024-01-19,Meta,Social Media,493.36,482.89,494.4,482.26,60319064
2024-01-20,Apple,Technology,250.38,246.93,253.18,232.83,60089153
2024-01-20,Amazon,E-commerce,239.14,235.88,251.35,221.56,143472979
2024-01-20,Google,Technology,145.23,133.76,149.51,131.93,39581758
2024-01-20,Tesla,Automotive,277.4,283.08,291.3,270.2,39460733
2024-01-20,Microsoft,Technology,485.85,481.12,492.13,473.91,108925012
2024-01-20,Walmart,Retail,211.86,215.87,215.96,211.52,1752019
2024-01-20,Netflix,Entertainment,268.43,268.96,274.66,252.97,50887876
2024-01-20,Meta,Social Media,269.77,270.75,271.47,268.2,77784872
2024-01-21,Apple,Technology,408.23,408.5,411.27,394.35,26686828
2024-01-21,Amazon,E-commerce,184.54,189.94,199.64,183.41,110417434
2024-01-21,Google,Technology,128.64,134.14,143.86,115.03,79053140
2024-01-21,Tesla,Automotive,345.33,341.02,346.8,332.08,87001901
2024-01-21,Microsoft,Technology,214.61,220.63,223.47,211.28,113572933
2024-01-21,Walmart,Retail,472.87,478.51,487.15,472.28,2221546
2024-01-21,Netflix,Entertainment,468.24,462.56,486.04,454.91,101886795
2024-01-21,Meta,Social Media,299.82,303.24,310.86,284.37,127449921
2024-01-22,Apple,Technology,128.54,119.98,135.95,119.74,85030809
2024-01-22,Amazon,E-commerce,343.64,348.31,348.8,335.66,14314998
2024-01-22,Google,Technology,373.48,378.75,379.62,367.32,121915067
2024-01-22,Tesla,Automotive,197.72,202.14,206.31,182.78,57709254
2024-01-22,Microsoft,Technology,423.76,420.6,434.48,408.51,76672997
2024-01-22,Walmart,Retail,434.06,427.01,438.47,422.2,33274756
2024-01-22,Netflix,Entertainment,242.96,255.14,257.52,234.28,28568731
2024-01-22,Meta,Social Media,371.58,377.68,381.48,353.98,39407840
2024-01-23,Apple,Technology,241.65,250.02,259.84,231.79,33468908
2024-01-23,Amazon,E-commerce,289.73,294.74,300.91,281.64,83317738
2024-01-23,Google,Technology,189.78,175.26,196.28,170.69,6792057
2024-01-23,Tesla,Automotive,107.85,104.74,110.91,101.36,138528536
2024-01-23,Microsoft,Technology,492.84,493.32,501.56,483.73,40519462
2024-01-23,Walmart,Retail,427.0,412.5,445.87,410.74,38579344
2024-01-23,Netflix,Entertainment,316.75,328.85,336.2,316.38,118785533
2024-01-23,Meta,Social Media,330.69,324.14,340.45,324.01,125493521
2024-01-24,Apple,Technology,279.23,271.25,285.9,266.71,99850360
2024-01-24,Amazon,E-commerce,145.38,153.62,160.7,138.76,71507514
2024-01-24,Google,Technology,189.73,190.91,202.89,187.41,10316330
2024-01-24,Tesla,Automotive,497.44,502.6,505.47,496.58,93799951
2024-01-24,Microsoft,Technology,249.01,244.96,254.16,240.94,42698961
2024-01-24,Walmart,Retail,182.87,181.87,188.67,171.39,98160555
2024-01-24,Netflix,Entertainment,447.62,451.4,454.91,445.74,2708699
2024-01-24,Meta,Social Media,119.91,108.61,123.39,101.49,120358394
2024-01-25,Apple,Technology,453.05,443.63,464.63,436.06,77759533
2024-01-25,Amazon,E-commerce,318.87,317.44,326.73,307.3,35340298
2024-01-25,Google,Technology,336.98,339.89,350.34,324.6,148668352
2024-01-25,Tesla,Automotive,467.81,469.14,485.37,457.81,64597760
2024-01-25,Microsoft,Technology,205.18,212.41,223.38,198.03,47545555
2024-01-25,Walmart,Retail,250.87,239.0,263.89,235.64,71263432
2024-01-25,Netflix,Entertainment,289.63,284.8,306.72,278.99,142760279
2024-01-25,Meta,Social Media,379.96,375.31,382.77,371.94,8900067
2024-01-26,Apple,Technology,394.48,384.92,402.54,384.67,84313077
2024-01-26,Amazon,E-commerce,475.33,465.42,484.31,461.36,104679371
2024-01-26,Google,Technology,377.6,386.81,393.58,376.86,54447777
2024-01-26,Tesla,Automotive,321.36,322.64,328.33,313.48,44959032
2024-01-26,Microsoft,Technology,319.61,318.64,336.41,307.44,109003291
2024-01-26,Walmart,Retail,124.19,120.52,126.2,110.05,125630862
2024-01-26,Netflix,Entertainment,490.4,491.77,507.73,476.12,78518915
2024-01-26,Meta,Social Media,478.72,480.39,489.66,467.69,45072010
2024-01-27,Apple,Technology,450.58,458.06,463.79,442.84,4310734
2024-01-27,Amazon,E-commerce,332.69,318.96,344.8,315.49,3447714
2024-01-27,Google,Technology,165.06,164.55,166.23,155.09,112201285
2024-01-27,Tesla,Automotive,428.04,428.95,435.25,416.77,16131100
2024-01-27,Microsoft,Technology,380.98,370.41,398.05,369.77,66288652
2024-01-27,Walmart,Retail,394.24,387.82,394.6,387.48,90672926
2024-01-27,Netflix,Entertainment,334.51,327.74,344.88,318.9,61165250
2024-01-27,Meta,Social Media,210.51,202.84,211.77,193.59,92778926
2024-01-28,Apple,Technology,178.91,186.22,194.37,174.56,146307087
2024-01-28,Amazon,E-commerce,223.17,228.65,229.29,210.13,145338987
2024-01-28,Google,Technology,142.32,138.73,145.97,138.4,38759455
2024-01-28,Tesla,Automotive,190.28,197.17,204.59,189.83,79522798
2024-01-28,Microsoft,Technology,195.75,204.9,214.95,185.75,78442470
2024-01-28,Walmart,Retail,284.0,284.2,289.63,279.86,34478144
2024-01-28,Netflix,Entertainment,147.99,162.43,166.72,141.93,97122936
2024-01-28,Meta,Social Media,296.24,308.13,311.61,288.96,46392205
2024-01-29,Apple,Technology,244.57,248.88,255.72,226.94,133172033
2024-01-29,Amazon,E-commerce,284.17,278.13,296.3,270.82,49925039
2024-01-29,Google,Technology,323.78,312.24,325.5,310.55,30916504
2024-01-29,Tesla,Automotive,130.35,136.0,142.17,130.14,17674824
2024-01-29,Microsoft,Technology,458.12,449.36,464.32,447.9,101573344
2024-01-29,Walmart,Retail,238.98,221.68,240.44,219.43,110837343
2024-01-29,Netflix,Entertainment,167.82,181.35,181.49,154.63,142270615
2024-01-29,Meta,Social Media,386.71,389.32,395.34,385.75,47285435
2024-01-30,Apple,Technology,115.8,127.13,135.21,108.41,64442913
2024-01-30,Amazon,E-commerce,293.28,297.52,298.96,275.24,146425962
2024-01-30,Google,Technology,357.1,365.6,367.26,355.24,37263256
2024-01-30,Tesla,Automotive,108.96,114.58,117.25,89.19,146937878
2024-01-30,Microsoft,Technology,319.27,323.16,336.79,314.89,107699428
2024-01-30,Walmart,Retail,409.08,412.44,413.72,408.63,91900100
2024-01-30,Netflix,Entertainment,481.15,487.07,497.11,473.04,105176125
2024-01-30,Meta,Social Media,139.08,145.48,152.89,128.57,147547127
2024-01-31,Apple,Technology,252.39,260.3,266.28,235.48,112196071
2024-01-31,Amazon,E-commerce,110.43,115.18,118.08,93.67,51621011
2024-01-31,Google,Technology,429.93,431.82,436.39,428.25,93736684
2024-01-31,Tesla,Automotive,103.78,102.59,110.96,95.03,13274494
2024-01-31,Microsoft,Technology,490.91,483.19,499.91,479.52,2692340
2024-01-31,Walmart,Retail,427.49,438.11,441.87,419.78,82520431
2024-01-31,Netflix,Entertainment,418.0,399.93,436.56,398.3,72448519
2024-01-31,Meta,Social Media,243.22,238.4,252.57,237.16,130056769
2024-02-01,Apple,Technology,307.71,303.41,311.1,302.45,149672667
2024-02-01,Amazon,E-commerce,483.35,499.26,501.77,473.4,112614905
2024-02-01,Google,Technology,157.29,158.57,159.06,154.03,71069766
2024-02-01,Tesla,Automotive,437.06,452.3,452.87,418.31,35087226
2024-02-01,Microsoft,Technology,170.71,183.16,184.85,152.23,138843792
2024-02-01,Walmart,Retail,149.96,143.49,168.58,141.0,123461191
2024-02-01,Netflix,Entertainment,438.53,440.19,453.61,428.08,24587428
2024-02-01,Meta,Social Media,133.36,135.26,136.41,131.92,25998915
2024-02-02,Apple,Technology,485.05,500.65,503.21,470.12,139870112
2024-02-02,Amazon,E-commerce,110.27,119.04,128.47,95.63,137088690
2024-02-02,Google,Technology,184.49,192.81,196.06,167.85,53003238
2024-02-02,Tesla,Automotive,225.93,226.44,236.62,223.23,101848224
2024-02-02,Microsoft,Technology,189.6,183.43,190.5,180.91,83455646
2024-02-02,Walmart,Retail,293.52,311.49,312.31,280.06,136665177
2024-02-02,Netflix,Entertainment,455.92,454.94,457.7,440.04,55760385
2024-02-02,Meta,Social Media,417.28,403.18,435.34,402.88,16398217
2024-02-03,Apple,Technology,117.4,116.82,134.73,102.84,135298926
2024-02-03,Amazon,E-commerce,178.68,176.57,195.63,165.47,120336021
2024-02-03,Google,Technology,132.16,122.44,135.28,117.34,136062659
2024-02-03,Tesla,Automotive,298.15,301.88,317.65,294.48,149074179
2024-02-03,Microsoft,Technology,334.91,333.97,340.51,318.88,114399899
2024-02-03,Walmart,Retail,107.23,120.53,122.18,104.92,141623078
2024-02-03,Netflix,Entertainment,212.66,212.58,214.52,200.9,61567411
2024-02-03,Meta,Social Media,369.86,362.35,378.5,351.37,139920930
2024-02-04,Apple,Technology,261.89,260.79,262.01,258.86,70987635
2024-02-04,Amazon,E-commerce,304.34,305.69,312.79,304.13,110705651
2024-02-04,Google,Technology,224.02,220.37,232.28,215.83,28098189
2024-02-04,Tesla,Automotive,495.69,497.16,503.88,484.16,140035961
2024-02-04,Microsoft,Technology,376.86,372.75,389.01,370.97,91362882
2024-02-04,Walmart,Retail,361.29,372.91,379.74,353.4,149958235
2024-02-04,Netflix,Entertainment,184.3,181.67,192.4,179.26,146721914
2024-02-04,Meta,Social Media,151.47,161.1,161.87,139.15,102451585
2024-02-05,Apple,Technology,288.81,284.44,299.95,276.72,101081484
2024-02-05,Amazon,E-commerce,204.8,197.7,209.47,191.25,4297497
2024-02-05,Google,Technology,326.53,339.3,346.14,318.0,114949980
2024-02-05,Tesla,Automotive,308.98,309.1,319.34,306.62,117028283
2024-02-05,Microsoft,Technology,285.05,285.84,287.61,274.11,129661934
2024-02-05,Walmart,Retail,484.6,481.3,491.88,477.18,70296118
2024-02-05,Netflix,Entertainment,356.41,349.35,367.0,349.17,39893087
2024-02-05,Meta,Social Media,404.02,406.75,408.78,389.82,103932003
2024-02-06,Apple,Technology,314.41,314.53,317.9,313.17,75076443
2024-02-06,Amazon,E-commerce,114.25,126.25,133.28,113.45,123431553
2024-02-06,Google,Technology,326.97,315.16,336.31,308.91,125033502
2024-02-06,Tesla,Automotive,414.79,420.84,423.93,414.38,15945135
2024-02-06,Microsoft,Technology,119.6,124.14,131.51,105.95,88020897
2024-02-06,Walmart,Retail,251.0,252.74,252.93,247.03,115297186
2024-02-06,Netflix,Entertainment,194.39,196.54,199.54,191.86,38141476
2024-02-06,Meta,Social Media,286.58,298.39,299.78,274.45,57644608
2024-02-07,Apple,Technology,175.31,171.33,193.66,161.22,147773168
2024-02-07,Amazon,E-commerce,347.11,355.71,364.46,337.08,133298521
2024-02-07,Google,Technology,341.77,353.0,354.91,321.86,100447873
2024-02-07,Tesla,Automotive,457.63,467.91,472.85,440.42,81264732
2024-02-07,Microsoft,Technology,118.91,122.5,129.38,102.45,45244900
2024-02-07,Walmart,Retail,227.78,226.41,245.2,215.76,27970876
2024-02-07,Netflix,Entertainment,189.89,185.84,198.75,175.44,80100386
2024-02-07,Meta,Social Media,316.94,317.61,331.85,314.24,146653934
2024-02-08,Apple,Technology,490.98,487.73,508.39,482.44,103055170
2024-02-08,Amazon,E-commerce,475.53,478.75,490.72,463.95,52332783
2024-02-08,Google,Technology,494.67,490.3,500.65,489.23,72993932
2024-02-08,Tesla,Automotive,145.05,140.9,147.12,136.22,10488267
2024-02-08,Microsoft,Technology,456.98,453.76,463.03,449.24,45542033
2024-02-08,Walmart,Retail,481.15,476.01,492.23,475.54,116632277
2024-02-08,Netflix,Entertainment,302.19,298.83,316.8,297.67,11061342
2024-02-08,Meta,Social Media,120.95,139.7,140.18,107.39,20344497
2024-02-09,Apple,Technology,471.64,484.69,489.88,470.42,74884720
2024-02-09,Amazon,E-commerce,244.46,243.38,249.82,237.94,57867618
2024-02-09,Google,Technology,135.84,135.56,145.66,118.56,3605680
2024-02-09,Tesla,Automotive,416.58,409.78,421.86,406.54,79115115
2024-02-09,Microsoft,Technology,413.18,416.06,417.1,406.83,84790818
2024-02-09,Walmart,Retail,396.11,393.79,400.11,382.51,123084301
2024-02-09,Netflix,Entertainment,414.0,402.48,421.29,397.48,33943380
2024-02-09,Meta,Social Media,395.5,396.96,407.13,392.47,52490661
2024-02-10,Apple,Technology,338.29,344.87,345.77,321.94,93451187
2024-02-10,Amazon,E-commerce,270.71,268.24,284.82,264.4,37601893
2024-02-10,Google,Technology,267.91,273.21,275.04,259.09,93955440
2024-02-10,Tesla,Automotive,145.02,145.81,152.38,134.85,97594540
2024-02-10,Microsoft,Technology,118.5,119.18,119.62,102.5,86640093
2024-02-10,Walmart,Retail,278.84,277.9,284.24,274.91,113824847
2024-02-10,Netflix,Entertainment,398.49,390.94,400.55,390.61,28092669
2024-02-10,Meta,Social Media,454.65,455.72,456.24,454.63,103582570
2024-02-11,Apple,Technology,234.43,231.16,238.39,227.6,33346550
2024-02-11,Amazon,E-commerce,429.0,432.77,447.44,426.8,102536409
2024-02-11,Google,Technology,293.05,292.13,297.7,287.68,13559105
2024-02-11,Tesla,Automotive,431.92,434.38,434.98,430.68,24980287
2024-02-11,Microsoft,Technology,101.03,97.24,105.48,89.51,78001085
2024-02-11,Walmart,Retail,398.05,398.35,405.14,391.09,120258297
2024-02-11,Netflix,Entertainment,179.27,186.35,195.37,163.69,139264140
2024-02-11,Meta,Social Media,206.21,206.49,210.09,198.41,15144124
2024-02-12,Apple,Technology,313.63,312.16,315.48,306.04,24257043
2024-02-12,Amazon,E-commerce,242.98,238.95,256.36,234.79,36202172
2024-02-12,Google,Technology,394.63,404.63,408.22,376.3,48193708
2024-02-12,Tesla,Automotive,132.47,131.04,137.06,121.83,108606598
2024-02-12,Microsoft,Technology,404.01,412.52,421.34,402.48,116463936
2024-02-12,Walmart,Retail,420.36,431.8,437.28,407.81,111691059
2024-02-12,Netflix,Entertainment,405.14,420.75,423.95,405.1,133210704
2024-02-12,Meta,Social Media,302.05,300.36,309.31,296.78,103756480
2024-02-13,Apple,Technology,489.73,495.27,499.69,489.38,33721820
2024-02-13,Amazon,E-commerce,260.85,258.56,275.56,256.49,100756626
2024-02-13,Google,Technology,415.43,423.19,429.21,413.8,137188652
2024-02-13,Tesla,Automotive,205.83,206.54,207.25,199.03,56336303
2024-02-13,Microsoft,Technology,396.1,402.71,415.17,386.21,26237137
2024-02-13,Walmart,Retail,238.33,238.04,241.5,232.12,9477865
2024-02-13,Netflix,Entertainment,496.67,499.42,509.11,496.05,137916608
2024-02-13,Meta,Social Media,417.83,417.49,419.93,411.95,52390350
2024-02-14,Apple,Technology,343.02,340.97,352.5,330.79,11036642
2024-02-14,Amazon,E-commerce,397.66,394.74,398.95,383.14,140143205
2024-02-14,Google,Technology,371.85,375.48,376.49,371.26,87087472
2024-02-14,Tesla,Automotive,463.53,459.26,473.51,447.42,9857991
2024-02-14,Microsoft,Technology,456.85,463.34,471.9,455.06,88994181
2024-02-14,Walmart,Retail,147.7,148.65,151.12,144.65,128375875
2024-02-14,Netflix,Entertainment,367.32,365.82,381.89,360.46,113533070
2024-02-14,Meta,Social Media,438.21,435.16,439.9,425.87,39780467
2024-02-15,Apple,Technology,434.5,424.79,445.44,424.03,19434500
2024-02-15,Amazon,E-commerce,124.96,136.55,144.79,120.11,25566772
2024-02-15,Google,Technology,233.18,239.47,246.27,225.29,57196955
2024-02-15,Tesla,Automotive,428.33,424.11,438.27,423.92,60885774
2024-02-15,Microsoft,Technology,254.25,261.35,268.7,237.45,68602904
2024-02-15,Walmart,Retail,178.51,176.25,180.62,171.14,140716731
2024-02-15,Netflix,Entertainment,332.22,325.27,338.17,313.32,131813378
2024-02-15,Meta,Social Media,451.54,443.63,457.88,441.66,107610169
2024-02-16,Apple,Technology,345.93,352.26,361.36,329.85,136904239
2024-02-16,Amazon,E-commerce,453.94,442.66,464.09,434.12,13944233
2024-02-16,Google,Technology,371.76,373.85,380.66,358.46,64875903
2024-02-16,Tesla,Automotive,261.81,272.7,273.51,245.29,136546977
2024-02-16,Microsoft,Technology,123.45,126.53,142.78,111.35,35488508
2024-02-16,Walmart,Retail,401.71,401.08,404.47,400.73,45850947
2024-02-16,Netflix,Entertainment,393.29,381.71,411.36,380.69,4125517
2024-02-16,Meta,Social Media,156.13,156.0,164.31,141.58,146840406
2024-02-17,Apple,Technology,338.9,333.42,341.3,321.82,53937894
2024-02-17,Amazon,E-commerce,419.52,432.68,434.65,410.85,102666668
2024-02-17,Google,Technology,383.25,383.96,396.31,372.31,73118895
2024-02-17,Tesla,Automotive,330.92,324.54,346.02,316.28,8469134
2024-02-17,Microsoft,Technology,242.54,240.24,252.13,222.72,130258262
2024-02-17,Walmart,Retail,189.2,198.27,208.06,183.42,120478998
2024-02-17,Netflix,Entertainment,313.6,320.09,325.53,302.75,109091929
2024-02-17,Meta,Social Media,303.5,296.89,306.88,295.81,82826003
2024-02-18,Apple,Technology,435.25,435.42,436.04,421.85,70030239
2024-02-18,Amazon,E-commerce,220.37,216.94,223.11,208.57,2472894
2024-02-18,Google,Technology,244.68,258.88,262.62,242.87,58487322
2024-02-18,Tesla,Automotive,419.43,423.37,424.97,419.19,72882303
2024-02-18,Microsoft,Technology,330.42,324.65,335.99,317.85,65279183
2024-02-18,Walmart,Retail,282.99,274.44,300.08,267.9,45661522
2024-02-18,Netflix,Entertainment,185.08,177.93,194.52,176.3,143529066
2024-02-18,Meta,Social Media,429.35,435.18,439.33,416.94,43505688
2024-02-19,Apple,Technology,341.31,334.76,349.01,326.16,121695513
2024-02-19,Amazon,E-commerce,113.25,108.62,130.86,99.85,109418899
2024-02-19,Google,Technology,353.93,350.74,370.99,344.41,124213517
2024-02-19,Tesla,Automotive,102.86,103.91,115.14,102.44,34139838
2024-02-19,Microsoft,Technology,444.99,448.38,453.71,443.2,64190087
2024-02-19,Walmart,Retail,192.99,177.93,200.82,173.9,15200905
2024-02-19,Netflix,Entertainment,157.64,149.53,162.38,149.41,24761948
2024-02-19,Meta,Social Media,390.73,380.76,394.1,376.66,42479454
2024-02-20,Apple,Technology,383.43,387.65,388.02,376.54,18462657
2024-02-20,Amazon,E-commerce,231.0,235.65,250.66,214.06,38611733
2024-02-20,Google,Technology,428.2,433.24,433.39,412.76,146656314
2024-02-20,Tesla,Automotive,172.93,170.27,174.39,167.32,18812948
2024-02-20,Microsoft,Technology,246.76,241.61,257.1,240.73,146940495
2024-02-20,Walmart,Retail,362.64,346.33,363.53,343.54,87819653
2024-02-20,Netflix,Entertainment,484.75,486.59,495.98,480.16,81580647
2024-02-20,Meta,Social Media,397.58,397.43,402.65,386.94,93406233
2024-02-21,Apple,Technology,435.97,439.99,455.78,422.81,95557792
2024-02-21,Amazon,E-commerce,119.27,126.01,130.02,109.05,129753389
2024-02-21,Google,Technology,492.98,495.59,497.55,490.17,144083625
2024-02-21,Tesla,Automotive,373.79,378.94,380.23,362.3,144029520
2024-02-21,Microsoft,Technology,129.48,121.28,143.43,115.69,113059930
2024-02-21,Walmart,Retail,320.56,327.86,333.08,316.05,66113293
2024-02-21,Netflix,Entertainment,267.84,255.72,268.98,251.43,49182880
2024-02-21,Meta,Social Media,450.14,456.03,463.27,442.62,55229871
2024-02-22,Apple,Technology,300.56,285.29,312.57,284.98,21185554
2024-02-22,Amazon,E-commerce,275.06,260.38,281.13,260.18,84084132
2024-02-22,Google,Technology,433.78,432.34,437.88,431.65,141115888
2024-02-22,Tesla,Automotive,403.73,397.22,406.73,396.97,34465124
2024-02-22,Microsoft,Technology,326.07,317.84,336.9,315.61,29385020
2024-02-22,Walmart,Retail,210.4,208.15,221.82,199.95,10294731
2024-02-22,Netflix,Entertainment,377.79,382.35,383.38,365.0,46542461
2024-02-22,Meta,Social Media,384.91,401.66,404.06,376.49,95980647
2024-02-23,Apple,Technology,405.93,399.3,411.32,387.2,81196031
2024-02-23,Amazon,E-commerce,238.4,237.26,240.09,235.79,36945282
2024-02-23,Google,Technology,490.18,483.27,493.35,482.44,34164627
2024-02-23,Tesla,Automotive,163.24,164.21,166.23,155.64,122412399
2024-02-23,Microsoft,Technology,497.23,499.17,510.65,480.73,146703615
2024-02-23,Walmart,Retail,222.27,210.96,222.58,205.4,65554236
2024-02-23,Netflix,Entertainment,436.63,430.06,448.02,420.66,16494658
2024-02-23,Meta,Social Media,273.76,280.21,289.12,272.88,126103596
2024-02-24,Apple,Technology,313.98,310.67,323.88,310.58,98191470
2024-02-24,Amazon,E-commerce,171.05,187.31,190.75,155.07,54690711
2024-02-24,Google,Technology,186.82,186.69,187.26,186.28,106255808
2024-02-24,Tesla,Automotive,391.78,392.3,392.96,389.39,89524739
2024-02-24,Microsoft,Technology,309.17,304.29,315.81,296.35,103870690
2024-02-24,Walmart,Retail,100.18,98.34,116.51,96.25,87125978
2024-02-24,Netflix,Entertainment,317.52,329.44,333.33,314.2,38834266
2024-02-24,Meta,Social Media,228.81,234.1,237.07,224.79,124589286
2024-02-25,Apple,Technology,337.22,344.52,345.46,336.25,79490869
2024-02-25,Amazon,E-commerce,317.7,314.53,318.97,306.2,133768387
2024-02-25,Google,Technology,194.24,199.58,206.62,178.93,50658925
2024-02-25,Tesla,Automotive,373.89,375.55,389.17,364.27,121965358
2024-02-25,Microsoft,Technology,123.75,118.28,138.97,113.58,37730890
2024-02-25,Walmart,Retail,462.35,469.21,471.54,443.25,124816435
2024-02-25,Netflix,Entertainment,327.57,328.1,332.4,321.45,102449562
2024-02-25,Meta,Social Media,125.74,121.55,141.75,108.9,28389974
2024-02-26,Apple,Technology,316.7,316.35,323.96,302.88,60468939
2024-02-26,Amazon,E-commerce,313.49,308.05,320.3,305.37,94641340
2024-02-26,Google,Technology,426.04,417.4,426.74,410.67,59020505
2024-02-26,Tesla,Automotive,184.94,188.08,204.41,164.94,99543626
2024-02-26,Microsoft,Technology,196.95,194.13,210.17,189.84,111951628
2024-02-26,Walmart,Retail,466.82,462.26,481.24,454.74,29738644
2024-02-26,Netflix,Entertainment,296.12,301.51,302.87,292.45,116764516
2024-02-26,Meta,Social Media,187.87,192.61,193.34,185.1,128248887
2024-02-27,Apple,Technology,177.67,179.36,182.05,167.71,41359620
2024-02-27,Amazon,E-commerce,217.79,231.67,231.86,210.5,103021809
2024-02-27,Google,Technology,374.32,374.98,392.12,355.7,90197636
2024-02-27,Tesla,Automotive,429.37,426.26,436.07,416.81,136526454
2024-02-27,Microsoft,Technology,460.06,466.34,468.77,448.54,114754309
2024-02-27,Walmart,Retail,381.09,375.42,395.44,361.16,32937228
2024-02-27,Netflix,Entertainment,294.6,306.55,307.46,287.24,17110831
2024-02-27,Meta,Social Media,186.54,185.87,206.2,178.45,27079725
2024-02-28,Apple,Technology,341.69,334.49,360.83,322.22,4702268
2024-02-28,Amazon,E-commerce,491.85,496.08,508.94,479.61,4498000
2024-02-28,Google,Technology,160.03,164.12,165.24,152.2,67445399
2024-02-28,Tesla,Automotive,376.55,369.59,379.44,358.06,18547130
2024-02-28,Microsoft,Technology,353.44,351.95,371.8,339.13,18056407
2024-02-28,Walmart,Retail,128.6,121.37,131.95,119.16,45404787
2024-02-28,Netflix,Entertainment,493.76,488.78,506.47,484.15,38637763
2024-02-28,Meta,Social Media,196.45,198.69,209.11,180.09,45670340
2024-02-29,Apple,Technology,148.43,165.85,167.2,133.72,71567584
2024-02-29,Amazon,E-commerce,428.64,418.67,432.7,417.23,41525217
2024-02-29,Google,Technology,144.78,140.17,151.65,136.36,62986397
2024-02-29,Tesla,Automotive,443.77,458.11,459.16,432.4,42523540
2024-02-29,Microsoft,Technology,357.72,346.64,375.72,340.38,101031370
2024-02-29,Walmart,Retail,426.51,415.4,445.61,408.9,136285235
2024-02-29,Netflix,Entertainment,183.39,182.3,198.36,169.6,1672908
2024-02-29,Meta,Social Media,369.52,360.23,369.85,352.33,76842846
